,MAE,MSE,RMSE,R2,set,modelo
0,0.00022940215427364174,8.003912941335249e-08,0.00028291187570222726,0.999999945807003,test,Linear Regresion
1,0.0002471806908537422,8.2357281699067e-08,0.0002869795841154332,0.9999999343475241,train,LinearRegression
