,MAE,MSE,RMSE,R2,set,modelo
0,0.00022940215427380385,8.003912941343903e-08,0.0002829118757023802,0.999999945807003,test,Linear Regresion
1,0.0002471806908537264,8.235728169909029e-08,0.0002869795841154738,0.9999999343475241,train,LinearRegression
