,accuracy,precision,recall,f1,kapppa,set,modelo
0,0.5812673236834001,0.56908797417272,0.9860848891685896,0.7216806120621273,0.07790054293701476,test,Regresi贸n logistica
1,0.8353191407453033,0.849344016905873,0.8493290599795724,0.8493365383768744,0.6677624220841801,train,Regresi贸n logistica
0,0.837157376039421,0.8524532792048716,0.8516187679183274,0.8520358192248496,0.6709881499778447,test,Regresi贸n logistica Esta
1,0.835328765013859,0.8493466699538619,0.8493466699538619,0.849346669953862,0.6677812384839352,train,Regresi贸n logistica Esta
