,accuracy,precision,recall,f1,kapppa,set,modelo
2,0.837157376039421,0.8524532792048716,0.8516187679183274,0.8520358192248496,0.6709881499778447,test,Regresión logistica Esta
3,0.835328765013859,0.8493466699538619,0.8493466699538619,0.849346669953862,0.6677812384839352,train,Regresión logistica Esta
6,0.8700338774253157,0.8612525626611996,0.9106356198867213,0.8852559309360343,0.7356793969696875,test,Decision tree Esta II
7,0.8693794271635356,0.859230564607302,0.9101010812524214,0.8839345271691724,0.7348668975636541,train,Decision tree Esta II
